New York City,,,,,
Smoothed Seasonally Adjusted,,,,,
YEAR,MONTH,Labor Force,Employed,Unemployed,Unemployment Rate
1976,1," 3,114,007 "," 2,768,623 "," 345,384 ", 11.1 
1976,2," 3,113,272 "," 2,768,463 "," 344,809 ", 11.1 
1976,3," 3,112,681 "," 2,768,557 "," 344,124 ", 11.1 
1976,4," 3,112,243 "," 2,768,172 "," 344,071 ", 11.1 
1976,5," 3,112,773 "," 2,767,660 "," 345,113 ", 11.1 
1976,6," 3,112,378 "," 2,766,261 "," 346,117 ", 11.1 
1976,7," 3,109,451 "," 2,762,946 "," 346,505 ", 11.1 
1976,8," 3,104,484 "," 2,758,293 "," 346,191 ", 11.2 
1976,9," 3,096,874 "," 2,752,637 "," 344,237 ", 11.1 
1976,10," 3,087,989 "," 2,747,113 "," 340,876 ", 11.0 
1976,11," 3,079,964 "," 2,742,843 "," 337,121 ", 10.9 
1976,12," 3,073,767 "," 2,740,868 "," 332,899 ", 10.8 
1977,1," 3,069,810 "," 2,741,475 "," 328,335 ", 10.7 
1977,2," 3,066,271 "," 2,743,460 "," 322,811 ", 10.5 
1977,3," 3,061,448 "," 2,745,188 "," 316,260 ", 10.3 
1977,4," 3,056,417 "," 2,746,359 "," 310,058 ", 10.1 
1977,5," 3,052,801 "," 2,747,148 "," 305,653 ", 10.0 
1977,6," 3,051,600 "," 2,747,555 "," 304,045 ", 10.0 
1977,7," 3,052,687 "," 2,747,931 "," 304,756 ", 10.0 
1977,8," 3,055,388 "," 2,748,811 "," 306,577 ", 10.0 
1977,9," 3,058,680 "," 2,750,255 "," 308,425 ", 10.1 
1977,10," 3,060,824 "," 2,751,986 "," 308,838 ", 10.1 
1977,11," 3,060,803 "," 2,754,006 "," 306,797 ", 10.0 
1977,12," 3,059,231 "," 2,756,211 "," 303,020 ", 9.9 
1978,1," 3,056,857 "," 2,758,972 "," 297,885 ", 9.7 
1978,2," 3,054,123 "," 2,762,170 "," 291,953 ", 9.6 
1978,3," 3,051,197 "," 2,765,226 "," 285,971 ", 9.4 
1978,4," 3,048,018 "," 2,767,683 "," 280,335 ", 9.2 
1978,5," 3,045,215 "," 2,769,557 "," 275,658 ", 9.1 
1978,6," 3,043,478 "," 2,771,463 "," 272,015 ", 8.9 
1978,7," 3,043,734 "," 2,774,041 "," 269,693 ", 8.9 
1978,8," 3,046,195 "," 2,777,466 "," 268,729 ", 8.8 
1978,9," 3,050,028 "," 2,781,779 "," 268,249 ", 8.8 
1978,10," 3,054,495 "," 2,786,536 "," 267,959 ", 8.8 
1978,11," 3,058,426 "," 2,790,709 "," 267,717 ", 8.8 
1978,12," 3,060,361 "," 2,793,131 "," 267,230 ", 8.7 
1979,1," 3,060,077 "," 2,793,267 "," 266,810 ", 8.7 
1979,2," 3,059,087 "," 2,792,071 "," 267,016 ", 8.7 
1979,3," 3,059,169 "," 2,790,955 "," 268,214 ", 8.8 
1979,4," 3,061,328 "," 2,790,831 "," 270,497 ", 8.8 
1979,5," 3,065,355 "," 2,792,157 "," 273,198 ", 8.9 
1979,6," 3,069,817 "," 2,794,379 "," 275,438 ", 9.0 
1979,7," 3,072,634 "," 2,796,761 "," 275,873 ", 9.0 
1979,8," 3,073,139 "," 2,798,867 "," 274,272 ", 8.9 
1979,9," 3,071,982 "," 2,800,413 "," 271,569 ", 8.8 
1979,10," 3,069,271 "," 2,801,541 "," 267,730 ", 8.7 
1979,11," 3,065,026 "," 2,801,817 "," 263,209 ", 8.6 
1979,12," 3,060,424 "," 2,800,795 "," 259,629 ", 8.5 
1980,1," 3,056,259 "," 2,798,489 "," 257,770 ", 8.4 
1980,2," 3,052,565 "," 2,795,127 "," 257,438 ", 8.4 
1980,3," 3,049,517 "," 2,791,382 "," 258,135 ", 8.5 
1980,4," 3,046,786 "," 2,787,949 "," 258,837 ", 8.5 
1980,5," 3,044,567 "," 2,785,438 "," 259,129 ", 8.5 
1980,6," 3,043,918 "," 2,784,699 "," 259,219 ", 8.5 
1980,7," 3,044,898 "," 2,785,746 "," 259,152 ", 8.5 
1980,8," 3,046,756 "," 2,787,904 "," 258,852 ", 8.5 
1980,9," 3,049,215 "," 2,790,388 "," 258,827 ", 8.5 
1980,10," 3,053,282 "," 2,792,661 "," 260,621 ", 8.5 
1980,11," 3,060,324 "," 2,795,637 "," 264,687 ", 8.6 
1980,12," 3,070,582 "," 2,800,539 "," 270,043 ", 8.8 
1981,1," 3,082,838 "," 2,806,766 "," 276,072 ", 9.0 
1981,2," 3,094,830 "," 2,813,188 "," 281,642 ", 9.1 
1981,3," 3,103,449 "," 2,818,848 "," 284,601 ", 9.2 
1981,4," 3,106,476 "," 2,822,907 "," 283,569 ", 9.1 
1981,5," 3,103,526 "," 2,824,856 "," 278,670 ", 9.0 
1981,6," 3,096,319 "," 2,824,703 "," 271,616 ", 8.8 
1981,7," 3,088,456 "," 2,822,782 "," 265,674 ", 8.6 
1981,8," 3,082,778 "," 2,819,643 "," 263,135 ", 8.5 
1981,9," 3,080,401 "," 2,815,977 "," 264,424 ", 8.6 
1981,10," 3,081,234 "," 2,812,387 "," 268,847 ", 8.7 
1981,11," 3,083,493 "," 2,808,767 "," 274,726 ", 8.9 
1981,12," 3,085,469 "," 2,805,176 "," 280,293 ", 9.1 
1982,1," 3,086,286 "," 2,802,413 "," 283,873 ", 9.2 
1982,2," 3,085,805 "," 2,800,400 "," 285,405 ", 9.2 
1982,3," 3,084,253 "," 2,798,416 "," 285,837 ", 9.3 
1982,4," 3,082,125 "," 2,796,015 "," 286,110 ", 9.3 
1982,5," 3,079,390 "," 2,792,840 "," 286,550 ", 9.3 
1982,6," 3,075,919 "," 2,788,567 "," 287,352 ", 9.3 
1982,7," 3,072,257 "," 2,783,335 "," 288,922 ", 9.4 
1982,8," 3,069,434 "," 2,777,743 "," 291,691 ", 9.5 
1982,9," 3,067,658 "," 2,772,177 "," 295,481 ", 9.6 
1982,10," 3,066,072 "," 2,766,620 "," 299,452 ", 9.8 
1982,11," 3,064,229 "," 2,761,403 "," 302,826 ", 9.9 
1982,12," 3,061,030 "," 2,756,543 "," 304,487 ", 9.9 
1983,1," 3,056,688 "," 2,752,308 "," 304,380 ", 10.0 
1983,2," 3,052,684 "," 2,749,802 "," 302,882 ", 9.9 
1983,3," 3,050,760 "," 2,749,777 "," 300,983 ", 9.9 
1983,4," 3,052,696 "," 2,752,460 "," 300,236 ", 9.8 
1983,5," 3,058,554 "," 2,757,611 "," 300,943 ", 9.8 
1983,6," 3,066,393 "," 2,764,568 "," 301,825 ", 9.8 
1983,7," 3,073,754 "," 2,772,611 "," 301,143 ", 9.8 
1983,8," 3,078,748 "," 2,780,566 "," 298,182 ", 9.7 
1983,9," 3,080,838 "," 2,787,633 "," 293,205 ", 9.5 
1983,10," 3,080,447 "," 2,793,748 "," 286,699 ", 9.3 
1983,11," 3,078,461 "," 2,798,785 "," 279,676 ", 9.1 
1983,12," 3,076,441 "," 2,803,008 "," 273,433 ", 8.9 
1984,1," 3,075,378 "," 2,807,147 "," 268,231 ", 8.7 
1984,2," 3,076,372 "," 2,811,550 "," 264,822 ", 8.6 
1984,3," 3,080,576 "," 2,815,889 "," 264,687 ", 8.6 
1984,4," 3,087,383 "," 2,819,549 "," 267,834 ", 8.7 
1984,5," 3,095,996 "," 2,822,236 "," 273,760 ", 8.8 
1984,6," 3,104,674 "," 2,823,799 "," 280,875 ", 9.0 
1984,7," 3,110,750 "," 2,824,317 "," 286,433 ", 9.2 
1984,8," 3,113,083 "," 2,824,514 "," 288,569 ", 9.3 
1984,9," 3,112,288 "," 2,825,272 "," 287,016 ", 9.2 
1984,10," 3,110,060 "," 2,827,301 "," 282,759 ", 9.1 
1984,11," 3,108,666 "," 2,830,978 "," 277,688 ", 8.9 
1984,12," 3,109,876 "," 2,835,959 "," 273,917 ", 8.8 
1985,1," 3,113,419 "," 2,840,718 "," 272,701 ", 8.8 
1985,2," 3,116,769 "," 2,843,806 "," 272,963 ", 8.8 
1985,3," 3,117,378 "," 2,845,257 "," 272,121 ", 8.7 
1985,4," 3,179,616 "," 2,910,711 "," 268,905 ", 8.5 
1985,5," 3,207,372 "," 2,943,470 "," 263,902 ", 8.2 
1985,6," 3,219,300 "," 2,960,774 "," 258,526 ", 8.0 
1985,7," 3,225,943 "," 2,971,415 "," 254,528 ", 7.9 
1985,8," 3,231,480 "," 2,979,661 "," 251,819 ", 7.8 
1985,9," 3,237,037 "," 2,986,984 "," 250,053 ", 7.7 
1985,10," 3,242,986 "," 2,993,378 "," 249,608 ", 7.7 
1985,11," 3,248,838 "," 2,998,452 "," 250,386 ", 7.7 
1985,12," 3,254,082 "," 3,001,844 "," 252,238 ", 7.8 
1986,1," 3,258,893 "," 3,003,843 "," 255,050 ", 7.8 
1986,2," 3,263,570 "," 3,005,396 "," 258,174 ", 7.9 
1986,3," 3,267,252 "," 3,006,974 "," 260,278 ", 8.0 
1986,4," 3,268,847 "," 3,008,887 "," 259,960 ", 8.0 
1986,5," 3,267,565 "," 3,011,521 "," 256,044 ", 7.8 
1986,6," 3,263,549 "," 3,014,777 "," 248,772 ", 7.6 
1986,7," 3,257,585 "," 3,018,123 "," 239,462 ", 7.4 
1986,8," 3,251,393 "," 3,021,011 "," 230,382 ", 7.1 
1986,9," 3,246,548 "," 3,023,268 "," 223,280 ", 6.9 
1986,10," 3,243,355 "," 3,025,120 "," 218,235 ", 6.7 
1986,11," 3,241,441 "," 3,026,837 "," 214,604 ", 6.6 
1986,12," 3,240,113 "," 3,029,267 "," 210,846 ", 6.5 
1987,1," 3,238,840 "," 3,032,904 "," 205,936 ", 6.4 
1987,2," 3,237,638 "," 3,037,473 "," 200,165 ", 6.2 
1987,3," 3,237,195 "," 3,042,785 "," 194,410 ", 6.0 
1987,4," 3,237,379 "," 3,048,542 "," 188,837 ", 5.8 
1987,5," 3,237,886 "," 3,054,169 "," 183,717 ", 5.7 
1987,6," 3,239,288 "," 3,059,213 "," 180,075 ", 5.6 
1987,7," 3,242,143 "," 3,063,577 "," 178,566 ", 5.5 
1987,8," 3,245,897 "," 3,067,186 "," 178,711 ", 5.5 
1987,9," 3,248,869 "," 3,070,146 "," 178,723 ", 5.5 
1987,10," 3,249,888 "," 3,072,558 "," 177,330 ", 5.5 
1987,11," 3,248,504 "," 3,074,781 "," 173,723 ", 5.3 
1987,12," 3,244,750 "," 3,076,658 "," 168,092 ", 5.2 
1988,1," 3,238,986 "," 3,077,998 "," 160,988 ", 5.0 
1988,2," 3,232,433 "," 3,078,805 "," 153,628 ", 4.8 
1988,3," 3,227,107 "," 3,078,815 "," 148,292 ", 4.6 
1988,4," 3,225,273 "," 3,078,129 "," 147,144 ", 4.6 
1988,5," 3,227,770 "," 3,077,271 "," 150,499 ", 4.7 
1988,6," 3,233,698 "," 3,076,998 "," 156,700 ", 4.8 
1988,7," 3,241,712 "," 3,077,847 "," 163,865 ", 5.1 
1988,8," 3,251,244 "," 3,080,069 "," 171,175 ", 5.3 
1988,9," 3,262,263 "," 3,083,705 "," 178,558 ", 5.5 
1988,10," 3,273,567 "," 3,088,413 "," 185,154 ", 5.7 
1988,11," 3,284,440 "," 3,093,577 "," 190,863 ", 5.8 
1988,12," 3,295,050 "," 3,098,556 "," 196,494 ", 6.0 
1989,1," 3,305,687 "," 3,102,975 "," 202,712 ", 6.1 
1989,2," 3,316,161 "," 3,106,552 "," 209,609 ", 6.3 
1989,3," 3,325,625 "," 3,109,552 "," 216,073 ", 6.5 
1989,4," 3,333,163 "," 3,111,799 "," 221,364 ", 6.6 
1989,5," 3,338,277 "," 3,112,925 "," 225,352 ", 6.8 
1989,6," 3,340,862 "," 3,112,731 "," 228,131 ", 6.8 
1989,7," 3,341,344 "," 3,111,332 "," 230,012 ", 6.9 
1989,8," 3,340,525 "," 3,109,654 "," 230,871 ", 6.9 
1989,9," 3,339,474 "," 3,108,662 "," 230,812 ", 6.9 
1989,10," 3,339,831 "," 3,109,204 "," 230,627 ", 6.9 
1989,11," 3,341,505 "," 3,111,043 "," 230,462 ", 6.9 
1989,12," 3,343,411 "," 3,113,558 "," 229,853 ", 6.9 
1990,1," 3,344,514 "," 3,116,147 "," 228,367 ", 6.8 
1990,2," 3,343,728 "," 3,117,933 "," 225,795 ", 6.8 
1990,3," 3,340,897 "," 3,118,207 "," 222,690 ", 6.7 
1990,4," 3,336,929 "," 3,117,031 "," 219,898 ", 6.6 
1990,5," 3,333,449 "," 3,114,787 "," 218,662 ", 6.6 
1990,6," 3,331,258 "," 3,111,350 "," 219,908 ", 6.6 
1990,7," 3,330,548 "," 3,107,072 "," 223,476 ", 6.7 
1990,8," 3,329,935 "," 3,101,325 "," 228,610 ", 6.9 
1990,9," 3,326,830 "," 3,092,824 "," 234,006 ", 7.0 
1990,10," 3,319,867 "," 3,081,141 "," 238,726 ", 7.2 
1990,11," 3,309,857 "," 3,067,191 "," 242,666 ", 7.3 
1990,12," 3,298,888 "," 3,052,134 "," 246,754 ", 7.5 
1991,1," 3,289,588 "," 3,037,021 "," 252,567 ", 7.7 
1991,2," 3,283,753 "," 3,023,228 "," 260,525 ", 7.9 
1991,3," 3,280,709 "," 3,011,139 "," 269,570 ", 8.2 
1991,4," 3,278,686 "," 3,000,667 "," 278,019 ", 8.5 
1991,5," 3,275,934 "," 2,991,902 "," 284,032 ", 8.7 
1991,6," 3,271,942 "," 2,984,853 "," 287,089 ", 8.8 
1991,7," 3,266,952 "," 2,978,689 "," 288,263 ", 8.8 
1991,8," 3,262,579 "," 2,973,102 "," 289,477 ", 8.9 
1991,9," 3,261,225 "," 2,968,350 "," 292,875 ", 9.0 
1991,10," 3,263,354 "," 2,963,779 "," 299,575 ", 9.2 
1991,11," 3,267,749 "," 2,959,011 "," 308,738 ", 9.4 
1991,12," 3,272,516 "," 2,954,061 "," 318,455 ", 9.7 
1992,1," 3,276,732 "," 2,949,215 "," 327,517 ", 10.0 
1992,2," 3,281,199 "," 2,944,954 "," 336,245 ", 10.2 
1992,3," 3,287,303 "," 2,942,180 "," 345,123 ", 10.5 
1992,4," 3,295,522 "," 2,940,982 "," 354,540 ", 10.8 
1992,5," 3,304,620 "," 2,940,390 "," 364,230 ", 11.0 
1992,6," 3,312,465 "," 2,939,504 "," 372,961 ", 11.3 
1992,7," 3,317,495 "," 2,937,987 "," 379,508 ", 11.4 
1992,8," 3,319,227 "," 2,935,856 "," 383,371 ", 11.6 
1992,9," 3,318,348 "," 2,933,435 "," 384,913 ", 11.6 
1992,10," 3,316,271 "," 2,931,630 "," 384,641 ", 11.6 
1992,11," 3,313,859 "," 2,930,758 "," 383,101 ", 11.6 
1992,12," 3,311,212 "," 2,930,997 "," 380,215 ", 11.5 
1993,1," 3,307,577 "," 2,932,432 "," 375,145 ", 11.3 
1993,2," 3,302,311 "," 2,934,952 "," 367,359 ", 11.1 
1993,3," 3,296,102 "," 2,938,522 "," 357,580 ", 10.8 
1993,4," 3,289,995 "," 2,942,974 "," 347,021 ", 10.5 
1993,5," 3,285,626 "," 2,947,801 "," 337,825 ", 10.3 
1993,6," 3,284,481 "," 2,952,376 "," 332,105 ", 10.1 
1993,7," 3,286,251 "," 2,956,054 "," 330,197 ", 10.0 
1993,8," 3,289,763 "," 2,958,716 "," 331,047 ", 10.1 
1993,9," 3,293,700 "," 2,960,891 "," 332,809 ", 10.1 
1993,10," 3,297,195 "," 2,963,111 "," 334,084 ", 10.1 
1993,11," 3,300,313 "," 2,965,863 "," 334,450 ", 10.1 
1993,12," 3,302,729 "," 2,969,707 "," 333,022 ", 10.1 
1994,1," 3,303,478 "," 2,974,550 "," 328,928 ", 10.0 
1994,2," 3,301,461 "," 2,979,211 "," 322,250 ", 9.8 
1994,3," 3,296,566 "," 2,982,391 "," 314,175 ", 9.5 
1994,4," 3,289,710 "," 2,983,812 "," 305,898 ", 9.3 
1994,5," 3,282,382 "," 2,984,236 "," 298,146 ", 9.1 
1994,6," 3,276,042 "," 2,984,856 "," 291,186 ", 8.9 
1994,7," 3,271,573 "," 2,986,771 "," 284,802 ", 8.7 
1994,8," 3,268,708 "," 2,990,353 "," 278,355 ", 8.5 
1994,9," 3,266,749 "," 2,995,317 "," 271,432 ", 8.3 
1994,10," 3,264,983 "," 3,001,132 "," 263,851 ", 8.1 
1994,11," 3,263,574 "," 3,007,041 "," 256,533 ", 7.9 
1994,12," 3,263,314 "," 3,011,745 "," 251,569 ", 7.7 
1995,1," 3,264,768 "," 3,014,363 "," 250,405 ", 7.7 
1995,2," 3,267,960 "," 3,015,339 "," 252,621 ", 7.7 
1995,3," 3,272,579 "," 3,015,522 "," 257,057 ", 7.9 
1995,4," 3,278,244 "," 3,015,688 "," 262,556 ", 8.0 
1995,5," 3,284,509 "," 3,016,620 "," 267,889 ", 8.2 
1995,6," 3,290,491 "," 3,018,672 "," 271,819 ", 8.3 
1995,7," 3,296,059 "," 3,021,722 "," 274,337 ", 8.3 
1995,8," 3,300,994 "," 3,025,140 "," 275,854 ", 8.4 
1995,9," 3,304,861 "," 3,028,447 "," 276,414 ", 8.4 
1995,10," 3,308,001 "," 3,031,530 "," 276,471 ", 8.4 
1995,11," 3,310,856 "," 3,034,540 "," 276,316 ", 8.3 
1995,12," 3,314,788 "," 3,037,911 "," 276,877 ", 8.4 
1996,1," 3,321,495 "," 3,042,415 "," 279,080 ", 8.4 
1996,2," 3,331,507 "," 3,048,311 "," 283,196 ", 8.5 
1996,3," 3,343,584 "," 3,055,278 "," 288,306 ", 8.6 
1996,4," 3,355,419 "," 3,062,793 "," 292,626 ", 8.7 
1996,5," 3,365,297 "," 3,070,498 "," 294,799 ", 8.8 
1996,6," 3,373,240 "," 3,078,308 "," 294,932 ", 8.7 
1996,7," 3,380,529 "," 3,086,266 "," 294,263 ", 8.7 
1996,8," 3,389,415 "," 3,094,467 "," 294,948 ", 8.7 
1996,9," 3,401,379 "," 3,102,378 "," 299,001 ", 8.8 
1996,10," 3,416,324 "," 3,109,529 "," 306,795 ", 9.0 
1996,11," 3,433,170 "," 3,116,121 "," 317,049 ", 9.2 
1996,12," 3,450,046 "," 3,122,602 "," 327,444 ", 9.5 
1997,1," 3,465,381 "," 3,129,174 "," 336,207 ", 9.7 
1997,2," 3,478,671 "," 3,136,259 "," 342,412 ", 9.8 
1997,3," 3,490,074 "," 3,144,572 "," 345,502 ", 9.9 
1997,4," 3,500,572 "," 3,154,262 "," 346,310 ", 9.9 
1997,5," 3,510,191 "," 3,164,643 "," 345,548 ", 9.8 
1997,6," 3,518,027 "," 3,174,986 "," 343,041 ", 9.8 
1997,7," 3,523,189 "," 3,185,026 "," 338,163 ", 9.6 
1997,8," 3,525,531 "," 3,194,508 "," 331,023 ", 9.4 
1997,9," 3,525,813 "," 3,203,320 "," 322,493 ", 9.1 
1997,10," 3,525,878 "," 3,211,344 "," 314,534 ", 8.9 
1997,11," 3,526,812 "," 3,218,484 "," 308,328 ", 8.7 
1997,12," 3,529,046 "," 3,225,197 "," 303,849 ", 8.6 
1998,1," 3,532,206 "," 3,231,907 "," 300,299 ", 8.5 
1998,2," 3,535,470 "," 3,238,849 "," 296,621 ", 8.4 
1998,3," 3,538,104 "," 3,245,980 "," 292,124 ", 8.3 
1998,4," 3,539,923 "," 3,253,434 "," 286,489 ", 8.1 
1998,5," 3,542,014 "," 3,261,323 "," 280,691 ", 7.9 
1998,6," 3,545,961 "," 3,269,526 "," 276,435 ", 7.8 
1998,7," 3,552,687 "," 3,277,805 "," 274,882 ", 7.7 
1998,8," 3,561,743 "," 3,286,375 "," 275,368 ", 7.7 
1998,9," 3,571,901 "," 3,295,428 "," 276,473 ", 7.7 
1998,10," 3,580,734 "," 3,304,776 "," 275,958 ", 7.7 
1998,11," 3,586,401 "," 3,313,708 "," 272,693 ", 7.6 
1998,12," 3,588,326 "," 3,321,355 "," 266,971 ", 7.4 
1999,1," 3,586,993 "," 3,327,437 "," 259,556 ", 7.2 
1999,2," 3,584,876 "," 3,332,252 "," 252,624 ", 7.0 
1999,3," 3,584,883 "," 3,336,765 "," 248,118 ", 6.9 
1999,4," 3,588,561 "," 3,341,701 "," 246,860 ", 6.9 
1999,5," 3,595,758 "," 3,347,536 "," 248,222 ", 6.9 
1999,6," 3,605,148 "," 3,354,732 "," 250,416 ", 6.9 
1999,7," 3,614,490 "," 3,363,244 "," 251,246 ", 7.0 
1999,8," 3,621,784 "," 3,372,640 "," 249,144 ", 6.9 
1999,9," 3,626,118 "," 3,382,457 "," 243,661 ", 6.7 
1999,10," 3,628,263 "," 3,392,204 "," 236,059 ", 6.5 
1999,11," 3,630,434 "," 3,402,046 "," 228,388 ", 6.3 
1999,12," 3,634,623 "," 3,412,208 "," 222,415 ", 6.1 
2000,1," 3,641,940 "," 3,422,768 "," 219,172 ", 6.0 
2000,2," 3,651,027 "," 3,433,120 "," 217,907 ", 6.0 
2000,3," 3,659,724 "," 3,441,826 "," 217,898 ", 6.0 
2000,4," 3,666,184 "," 3,447,925 "," 218,259 ", 6.0 
2000,5," 3,669,381 "," 3,451,671 "," 217,710 ", 5.9 
2000,6," 3,669,535 "," 3,453,607 "," 215,928 ", 5.9 
2000,7," 3,668,222 "," 3,455,085 "," 213,137 ", 5.8 
2000,8," 3,667,548 "," 3,457,982 "," 209,566 ", 5.7 
2000,9," 3,668,785 "," 3,463,406 "," 205,379 ", 5.6 
2000,10," 3,672,391 "," 3,471,582 "," 200,809 ", 5.5 
2000,11," 3,677,342 "," 3,481,037 "," 196,305 ", 5.3 
2000,12," 3,681,585 "," 3,489,096 "," 192,489 ", 5.2 
2001,1," 3,683,019 "," 3,493,165 "," 189,854 ", 5.2 
2001,2," 3,681,254 "," 3,492,689 "," 188,565 ", 5.1 
2001,3," 3,677,555 "," 3,489,084 "," 188,471 ", 5.1 
2001,4," 3,674,484 "," 3,484,445 "," 190,039 ", 5.2 
2001,5," 3,673,605 "," 3,479,465 "," 194,140 ", 5.3 
2001,6," 3,674,555 "," 3,473,406 "," 201,149 ", 5.5 
2001,7," 3,676,626 "," 3,465,466 "," 211,160 ", 5.7 
2001,8," 3,678,332 "," 3,454,385 "," 223,947 ", 6.1 
2001,9," 3,678,709 "," 3,440,366 "," 238,343 ", 6.5 
2001,10," 3,677,822 "," 3,425,146 "," 252,676 ", 6.9 
2001,11," 3,676,660 "," 3,411,003 "," 265,657 ", 7.2 
2001,12," 3,677,406 "," 3,400,857 "," 276,549 ", 7.5 
2002,1," 3,681,541 "," 3,396,461 "," 285,080 ", 7.7 
2002,2," 3,688,351 "," 3,396,938 "," 291,413 ", 7.9 
2002,3," 3,695,424 "," 3,399,715 "," 295,709 ", 8.0 
2002,4," 3,700,304 "," 3,402,793 "," 297,511 ", 8.0 
2002,5," 3,702,421 "," 3,405,540 "," 296,881 ", 8.0 
2002,6," 3,702,936 "," 3,408,358 "," 294,578 ", 8.0 
2002,7," 3,702,860 "," 3,410,622 "," 292,238 ", 7.9 
2002,8," 3,703,809 "," 3,412,038 "," 291,771 ", 7.9 
2002,9," 3,706,830 "," 3,412,247 "," 294,583 ", 7.9 
2002,10," 3,710,678 "," 3,410,560 "," 300,118 ", 8.1 
2002,11," 3,713,508 "," 3,407,153 "," 306,355 ", 8.2 
2002,12," 3,713,350 "," 3,402,177 "," 311,173 ", 8.4 
2003,1," 3,710,058 "," 3,396,315 "," 313,743 ", 8.5 
2003,2," 3,704,618 "," 3,390,622 "," 313,996 ", 8.5 
2003,3," 3,697,912 "," 3,385,429 "," 312,483 ", 8.5 
2003,4," 3,690,846 "," 3,380,129 "," 310,717 ", 8.4 
2003,5," 3,684,377 "," 3,374,370 "," 310,007 ", 8.4 
2003,6," 3,679,485 "," 3,369,037 "," 310,448 ", 8.4 
2003,7," 3,676,046 "," 3,365,395 "," 310,651 ", 8.5 
2003,8," 3,673,596 "," 3,364,129 "," 309,467 ", 8.4 
2003,9," 3,671,853 "," 3,365,458 "," 306,395 ", 8.3 
2003,10," 3,671,302 "," 3,368,844 "," 302,458 ", 8.2 
2003,11," 3,672,004 "," 3,373,121 "," 298,883 ", 8.1 
2003,12," 3,672,608 "," 3,376,977 "," 295,631 ", 8.0 
2004,1," 3,671,797 "," 3,379,338 "," 292,459 ", 8.0 
2004,2," 3,669,670 "," 3,380,280 "," 289,390 ", 7.9 
2004,3," 3,701,133 "," 3,414,697 "," 286,436 ", 7.7 
2004,4," 3,725,867 "," 3,443,155 "," 282,712 ", 7.6 
2004,5," 3,744,561 "," 3,466,962 "," 277,599 ", 7.4 
2004,6," 3,757,555 "," 3,486,738 "," 270,817 ", 7.2 
2004,7," 3,765,935 "," 3,502,923 "," 263,012 ", 7.0 
2004,8," 3,770,649 "," 3,515,969 "," 254,680 ", 6.8 
2004,9," 3,772,436 "," 3,526,112 "," 246,324 ", 6.5 
2004,10," 3,772,213 "," 3,533,711 "," 238,502 ", 6.3 
2004,11," 3,771,150 "," 3,539,612 "," 231,538 ", 6.1 
2004,12," 3,771,635 "," 3,545,058 "," 226,577 ", 6.0 
2005,1," 3,774,317 "," 3,550,884 "," 223,433 ", 5.9 
2005,2," 3,778,184 "," 3,556,965 "," 221,219 ", 5.9 
2005,3," 3,782,200 "," 3,563,234 "," 218,966 ", 5.8 
2005,4," 3,786,809 "," 3,570,046 "," 216,763 ", 5.7 
2005,5," 3,792,646 "," 3,577,430 "," 215,216 ", 5.7 
2005,6," 3,799,775 "," 3,584,365 "," 215,410 ", 5.7 
2005,7," 3,807,873 "," 3,589,925 "," 217,948 ", 5.7 
2005,8," 3,815,157 "," 3,593,782 "," 221,375 ", 5.8 
2005,9," 3,819,957 "," 3,596,096 "," 223,861 ", 5.9 
2005,10," 3,821,523 "," 3,597,669 "," 223,854 ", 5.9 
2005,11," 3,820,211 "," 3,599,003 "," 221,208 ", 5.8 
2005,12," 3,816,905 "," 3,600,453 "," 216,452 ", 5.7 
2006,1," 3,813,638 "," 3,602,933 "," 210,705 ", 5.5 
2006,2," 3,812,280 "," 3,606,725 "," 205,555 ", 5.4 
2006,3," 3,813,334 "," 3,611,040 "," 202,294 ", 5.3 
2006,4," 3,815,638 "," 3,614,953 "," 200,685 ", 5.3 
2006,5," 3,817,175 "," 3,618,392 "," 198,783 ", 5.2 
2006,6," 3,816,848 "," 3,621,617 "," 195,231 ", 5.1 
2006,7," 3,814,983 "," 3,625,443 "," 189,540 ", 5.0 
2006,8," 3,813,815 "," 3,630,289 "," 183,526 ", 4.8 
2006,9," 3,815,176 "," 3,636,093 "," 179,083 ", 4.7 
2006,10," 3,819,345 "," 3,642,877 "," 176,468 ", 4.6 
2006,11," 3,825,427 "," 3,649,882 "," 175,545 ", 4.6 
2006,12," 3,831,621 "," 3,655,596 "," 176,025 ", 4.6 
2007,1," 3,836,735 "," 3,658,876 "," 177,859 ", 4.6 
2007,2," 3,840,869 "," 3,659,946 "," 180,923 ", 4.7 
2007,3," 3,844,091 "," 3,659,350 "," 184,741 ", 4.8 
2007,4," 3,846,903 "," 3,657,886 "," 189,017 ", 4.9 
2007,5," 3,850,043 "," 3,656,423 "," 193,620 ", 5.0 
2007,6," 3,853,741 "," 3,656,057 "," 197,684 ", 5.1 
2007,7," 3,857,819 "," 3,657,442 "," 200,377 ", 5.2 
2007,8," 3,862,498 "," 3,660,903 "," 201,595 ", 5.2 
2007,9," 3,868,021 "," 3,666,612 "," 201,409 ", 5.2 
2007,10," 3,874,510 "," 3,673,673 "," 200,837 ", 5.2 
2007,11," 3,881,756 "," 3,681,565 "," 200,191 ", 5.2 
2007,12," 3,889,283 "," 3,689,795 "," 199,488 ", 5.1 
2008,1," 3,895,966 "," 3,697,055 "," 198,911 ", 5.1 
2008,2," 3,900,730 "," 3,702,617 "," 198,113 ", 5.1 
2008,3," 3,904,032 "," 3,706,535 "," 197,497 ", 5.1 
2008,4," 3,907,281 "," 3,709,081 "," 198,200 ", 5.1 
2008,5," 3,911,797 "," 3,710,701 "," 201,096 ", 5.1 
2008,6," 3,918,347 "," 3,711,970 "," 206,377 ", 5.3 
2008,7," 3,926,749 "," 3,713,021 "," 213,728 ", 5.4 
2008,8," 3,935,762 "," 3,713,301 "," 222,461 ", 5.7 
2008,9," 3,944,195 "," 3,711,345 "," 232,850 ", 5.9 
2008,10," 3,951,450 "," 3,705,568 "," 245,882 ", 6.2 
2008,11," 3,956,621 "," 3,694,791 "," 261,830 ", 6.6 
2008,12," 3,959,100 "," 3,679,023 "," 280,077 ", 7.1 
2009,1," 3,958,987 "," 3,659,482 "," 299,505 ", 7.6 
2009,2," 3,957,966 "," 3,638,894 "," 319,072 ", 8.1 
2009,3," 3,958,423 "," 3,621,227 "," 337,196 ", 8.5 
2009,4," 3,961,171 "," 3,608,644 "," 352,527 ", 8.9 
2009,5," 3,965,412 "," 3,600,163 "," 365,249 ", 9.2 
2009,6," 3,969,705 "," 3,593,740 "," 375,965 ", 9.5 
2009,7," 3,972,033 "," 3,586,968 "," 385,065 ", 9.7 
2009,8," 3,970,854 "," 3,578,370 "," 392,484 ", 9.9 
2009,9," 3,966,092 "," 3,568,453 "," 397,639 ", 10.0 
2009,10," 3,958,614 "," 3,558,708 "," 399,906 ", 10.1 
2009,11," 3,952,007 "," 3,551,744 "," 400,263 ", 10.1 
2009,12," 3,949,925 "," 3,550,063 "," 399,862 ", 10.1 
2010,1," 3,953,010 "," 3,554,488 "," 398,522 ", 10.1 
2010,2," 3,958,519 "," 3,562,538 "," 395,981 ", 10.0 
2010,3," 3,962,808 "," 3,570,495 "," 392,313 ", 9.9 
2010,4," 3,964,119 "," 3,576,407 "," 387,712 ", 9.8 
2010,5," 3,961,920 "," 3,579,889 "," 382,031 ", 9.6 
2010,6," 3,956,654 "," 3,580,503 "," 376,151 ", 9.5 
2010,7," 3,950,085 "," 3,578,730 "," 371,355 ", 9.4 
2010,8," 3,944,211 "," 3,576,168 "," 368,043 ", 9.3 
2010,9," 3,940,157 "," 3,574,118 "," 366,039 ", 9.3 
2010,10," 3,938,137 "," 3,574,037 "," 364,100 ", 9.2 
2010,11," 3,937,187 "," 3,576,261 "," 360,926 ", 9.2 
2010,12," 3,936,582 "," 3,580,124 "," 356,458 ", 9.1 
2011,1," 3,936,928 "," 3,584,854 "," 352,074 ", 8.9 
2011,2," 3,938,123 "," 3,589,319 "," 348,804 ", 8.9 
2011,3," 3,939,718 "," 3,592,712 "," 347,006 ", 8.8 
2011,4," 3,941,828 "," 3,594,642 "," 347,186 ", 8.8 
2011,5," 3,945,205 "," 3,595,600 "," 349,605 ", 8.9 
2011,6," 3,950,521 "," 3,596,855 "," 353,666 ", 9.0 
2011,7," 3,958,391 "," 3,599,807 "," 358,584 ", 9.1 
2011,8," 3,968,411 "," 3,604,490 "," 363,921 ", 9.2 
2011,9," 3,979,209 "," 3,610,064 "," 369,145 ", 9.3 
2011,10," 3,989,793 "," 3,615,434 "," 374,359 ", 9.4 
2011,11," 3,998,342 "," 3,619,305 "," 379,037 ", 9.5 
2011,12," 4,003,703 "," 3,621,422 "," 382,281 ", 9.5 
2012,1," 4,007,037 "," 3,622,970 "," 384,067 ", 9.6 
2012,2," 4,010,261 "," 3,625,211 "," 385,050 ", 9.6 
2012,3," 4,013,783 "," 3,627,818 "," 385,965 ", 9.6 
2012,4," 4,016,670 "," 3,630,440 "," 386,230 ", 9.6 
2012,5," 4,019,209 "," 3,634,066 "," 385,143 ", 9.6 
2012,6," 4,021,283 "," 3,639,238 "," 382,045 ", 9.5 
2012,7," 4,022,381 "," 3,645,566 "," 376,815 ", 9.4 
2012,8," 4,024,144 "," 3,652,899 "," 371,245 ", 9.2 
2012,9," 4,028,481 "," 3,661,158 "," 367,323 ", 9.1 
2012,10," 4,034,676 "," 3,669,303 "," 365,373 ", 9.1 
2012,11," 4,041,705 "," 3,676,667 "," 365,038 ", 9.0 
2012,12," 4,048,395 "," 3,682,927 "," 365,468 ", 9.0 
2013,1," 4,051,011 "," 3,685,307 "," 365,704 ", 9.0 
2013,2," 4,055,357 "," 3,690,239 "," 365,118 ", 9.0 
2013,3," 4,060,559 "," 3,696,841 "," 363,718 ", 9.0 
2013,4," 4,067,923 "," 3,705,486 "," 362,437 ", 8.9 
2013,5," 4,077,083 "," 3,714,496 "," 362,587 ", 8.9 
2013,6," 4,087,302 "," 3,722,665 "," 364,637 ", 8.9 
2013,7," 4,097,165 "," 3,729,919 "," 367,246 ", 9.0 
2013,8," 4,103,281 "," 3,736,218 "," 367,063 ", 8.9 
2013,9," 4,104,335 "," 3,741,924 "," 362,411 ", 8.8 
2013,10," 4,103,155 "," 3,748,130 "," 355,025 ", 8.7 
2013,11," 4,102,412 "," 3,755,570 "," 346,842 ", 8.5 
2013,12," 4,103,253 "," 3,764,130 "," 339,123 ", 8.3 
2014,1," 4,075,477 "," 3,744,978 "," 330,499 ", 8.1 
2014,2," 4,078,580 "," 3,754,192 "," 324,388 ", 8.0 
2014,3," 4,082,060 "," 3,762,966 "," 319,094 ", 7.8 
2014,4," 4,084,870 "," 3,771,019 "," 313,851 ", 7.7 
2014,5," 4,086,297 "," 3,779,112 "," 307,185 ", 7.5 
2014,6," 4,087,343 "," 3,788,226 "," 299,117 ", 7.3 
2014,7," 4,089,038 "," 3,798,101 "," 290,937 ", 7.1 
2014,8," 4,092,639 "," 3,808,546 "," 284,093 ", 6.9 
2014,9," 4,098,101 "," 3,819,071 "," 279,030 ", 6.8 
2014,10," 4,103,283 "," 3,828,691 "," 274,592 ", 6.7 
2014,11," 4,106,707 "," 3,836,524 "," 270,183 ", 6.6 
2014,12," 4,109,060 "," 3,842,702 "," 266,358 ", 6.5 
2015,1," 4,106,884 "," 3,844,479 "," 262,405 ", 6.4 
2015,2," 4,107,665 "," 3,848,816 "," 258,849 ", 6.3 
2015,3," 4,107,689 "," 3,853,499 "," 254,190 ", 6.2 
2015,4," 4,106,541 "," 3,858,662 "," 247,879 ", 6.0 
2015,5," 4,103,720 "," 3,863,696 "," 240,024 ", 5.8 
2015,6," 4,099,128 "," 3,867,885 "," 231,243 ", 5.6 
2015,7," 4,094,497 "," 3,871,392 "," 223,105 ", 5.4 
2015,8," 4,091,995 "," 3,874,680 "," 217,315 ", 5.3 
2015,9," 4,092,590 "," 3,878,363 "," 214,227 ", 5.2 
2015,10," 4,097,209 "," 3,883,230 "," 213,979 ", 5.2 
2015,11," 4,105,220 "," 3,889,224 "," 215,996 ", 5.3 
2015,12," 4,113,230 "," 3,895,115 "," 218,115 ", 5.3 
2016,1," 4,118,145 "," 3,899,445 "," 218,700 ", 5.3 
2016,2," 4,119,025 "," 3,901,398 "," 217,627 ", 5.3 
2016,3," 4,116,657 "," 3,901,155 "," 215,502 ", 5.2 
2016,4," 4,113,769 "," 3,899,948 "," 213,821 ", 5.2 
2016,5," 4,113,065 "," 3,899,101 "," 213,964 ", 5.2 
2016,6," 4,114,878 "," 3,899,141 "," 215,737 ", 5.2 
2016,7," 4,117,764 "," 3,900,033 "," 217,731 ", 5.3 
2016,8," 4,120,059 "," 3,901,396 "," 218,663 ", 5.3 
2016,9," 4,120,712 "," 3,902,830 "," 217,882 ", 5.3 
2016,10," 4,118,734 "," 3,904,190 "," 214,544 ", 5.2 
2016,11," 4,114,472 "," 3,906,000 "," 208,472 ", 5.1 
2016,12," 4,110,256 "," 3,908,807 "," 201,449 ", 4.9 
2017,1," 4,108,107 "," 3,912,552 "," 195,555 ", 4.8 
2017,2," 4,108,459 "," 3,916,759 "," 191,700 ", 4.7 
2017,3," 4,110,709 "," 3,920,330 "," 190,379 ", 4.6 
2017,4," 4,114,119 "," 3,922,863 "," 191,256 ", 4.6 
2017,5," 4,117,584 "," 3,924,547 "," 193,037 ", 4.7 
2017,6," 4,120,039 "," 3,925,443 "," 194,596 ", 4.7 
2017,7," 4,120,739 "," 3,925,559 "," 195,180 ", 4.7 
2017,8," 4,118,548 "," 3,924,547 "," 194,001 ", 4.7 
2017,9," 4,113,212 "," 3,922,246 "," 190,966 ", 4.6 
2017,10," 4,106,009 "," 3,919,062 "," 186,947 ", 4.6 
2017,11," 4,098,574 "," 3,915,272 "," 183,302 ", 4.5 
2017,12," 4,091,972 "," 3,911,658 "," 180,314 ", 4.4 
2018,1," 4,087,432 "," 3,909,142 "," 178,290 ", 4.4 
2018,2," 4,085,589 "," 3,908,305 "," 177,284 ", 4.3 
2018,3," 4,085,165 "," 3,908,771 "," 176,394 ", 4.3 
2018,4," 4,083,716 "," 3,909,045 "," 174,671 ", 4.3 
2018,5," 4,080,067 "," 3,908,100 "," 171,967 ", 4.2 
2018,6," 4,075,082 "," 3,906,443 "," 168,639 ", 4.1 
2018,7," 4,070,593 "," 3,905,119 "," 165,474 ", 4.1 
2018,8," 4,069,183 "," 3,905,133 "," 164,050 ", 4.0 
2018,9," 4,071,885 "," 3,906,738 "," 165,147 ", 4.1 
2018,10," 4,077,557 "," 3,909,279 "," 168,278 ", 4.1 
2018,11," 4,084,144 "," 3,911,936 "," 172,208 ", 4.2 
2018,12," 4,089,452 "," 3,913,623 "," 175,829 ", 4.3 
2019,1," 4,091,483 "," 3,913,506 "," 177,977 ", 4.3 
2019,2," 4,088,923 "," 3,911,257 "," 177,666 ", 4.3 
2019,3," 4,082,904 "," 3,907,702 "," 175,202 ", 4.3 
2019,4," 4,075,662 "," 3,904,612 "," 171,050 ", 4.2 
2019,5," 4,069,209 "," 3,903,141 "," 166,068 ", 4.1 
2019,6," 4,064,860 "," 3,903,467 "," 161,393 ", 4.0 
2019,7," 4,062,599 "," 3,905,502 "," 157,097 ", 3.9 
2019,8," 4,060,881 "," 3,907,825 "," 153,056 ", 3.8 
2019,9," 4,060,172 "," 3,910,397 "," 149,775 ", 3.7 
2019,10," 4,059,691 "," 3,912,003 "," 147,688 ", 3.6 
2019,11," 4,059,478 "," 3,911,889 "," 147,589 ", 3.6 
2019,12," 4,059,655 "," 3,911,570 "," 148,085 ", 3.6 
2020,1," 4,054,605 "," 3,911,937 "," 142,668 ", 3.5 
2020,2," 4,051,665 "," 3,914,274 "," 137,391 ", 3.4 
2020,3," 3,944,212 "," 3,783,906 "," 160,306 ", 4.1 
2020,4," 3,738,815 "," 3,178,742 "," 560,073 ", 15.0 
2020,5," 3,670,099 "," 2,999,807 "," 670,292 ", 18.3 
2020,6," 3,985,038 "," 3,174,861 "," 810,177 ", 20.3 
2020,7," 4,001,356 "," 3,205,940 "," 795,416 ", 19.9 
2020,8," 3,992,492 "," 3,353,725 "," 638,767 ", 16.0 
2020,9," 3,826,489 "," 3,287,795 "," 538,694 ", 14.1 
,,,,  ,
,,,,  ,
,,,,  ,
,,,,,
,,,,,
,,,,,
,,,,,
,,,,,
,,,,,
,,,,,
,,,,,
,,,,,
,,,,,
,,,,,
,,,,,
,,,,,
,,,,,
,,,,,
,,,,,
,,,,,
,,,,,
,,,,,
,,,,,
,,,,,
,,,,,
,,,,,
,,,,,
,,,,,
,,,,,
,,,,,
,,,,,
,,,,,
,,,,,
,,,,,
,,,,,
,,,,,
,,,,,
,,,,,
,,,,,
,,,,,